{"adventureModelNum":0,"burriedLevelNum":0,"bossModelNum":0,"coin":0,"killMonsterNum":0,"killBossNum":0,"clearItemNum":0,"unLockedNormalModelBigLevelList":[true,false,false],"unLockedNormalModelLevelList":[{"mTowerIDList":[1],"mTowerIDListLength":1,"mAllClear":false,"mCarrotState":0,"mLevelID":1,"mBigLevelID":1,"unLocked":true,"mIsRewardLevel":false,"mTotalRound":10},{"mTowerIDList":[2],"mTowerIDListLength":1,"mAllClear":false,"mCarrotState":0,"mLevelID":2,"mBigLevelID":1,"unLocked":false,"mIsRewardLevel":false,"mTotalRound":9},{"mTowerIDList":[1,2],"mTowerIDListLength":2,"mAllClear":false,"mCarrotState":0,"mLevelID":3,"mBigLevelID":1,"unLocked":false,"mIsRewardLevel":false,"mTotalRound":8},{"mTowerIDList":[3],"mTowerIDListLength":1,"mAllClear":false,"mCarrotState":0,"mLevelID":4,"mBigLevelID":1,"unLocked":false,"mIsRewardLevel":false,"mTotalRound":10},{"mTowerIDList":[1,2,3],"mTowerIDListLength":3,"mAllClear":false,"mCarrotState":0,"mLevelID":5,"mBigLevelID":1,"unLocked":false,"mIsRewardLevel":true,"mTotalRound":9},{"mTowerIDList":[2,3],"mTowerIDListLength":2,"mAllClear":false,"mCarrotState":0,"mLevelID":1,"mBigLevelID":2,"unLocked":false,"mIsRewardLevel":false,"mTotalRound":8},{"mTowerIDList":[1,3],"mTowerIDListLength":2,"mAllClear":false,"mCarrotState":0,"mLevelID":2,"mBigLevelID":2,"unLocked":false,"mIsRewardLevel":false,"mTotalRound":10},{"mTowerIDList":[4],"mTowerIDListLength":1,"mAllClear":false,"mCarrotState":0,"mLevelID":3,"mBigLevelID":2,"unLocked":false,"mIsRewardLevel":false,"mTotalRound":9},{"mTowerIDList":[1,4],"mTowerIDListLength":2,"mAllClear":false,"mCarrotState":0,"mLevelID":4,"mBigLevelID":2,"unLocked":false,"mIsRewardLevel":false,"mTotalRound":8},{"mTowerIDList":[2,4],"mTowerIDListLength":2,"mAllClear":false,"mCarrotState":0,"mLevelID":5,"mBigLevelID":2,"unLocked":false,"mIsRewardLevel":true,"mTotalRound":10},{"mTowerIDList":[3,4],"mTowerIDListLength":2,"mAllClear":false,"mCarrotState":0,"mLevelID":1,"mBigLevelID":3,"unLocked":false,"mIsRewardLevel":false,"mTotalRound":9},{"mTowerIDList":[5],"mTowerIDListLength":1,"mAllClear":false,"mCarrotState":0,"mLevelID":2,"mBigLevelID":3,"unLocked":false,"mIsRewardLevel":false,"mTotalRound":8},{"mTowerIDList":[4,5],"mTowerIDListLength":2,"mAllClear":false,"mCarrotState":0,"mLevelID":3,"mBigLevelID":3,"unLocked":false,"mIsRewardLevel":false,"mTotalRound":7},{"mTowerIDList":[1,3,5],"mTowerIDListLength":3,"mAllClear":false,"mCarrotState":0,"mLevelID":4,"mBigLevelID":3,"unLocked":false,"mIsRewardLevel":false,"mTotalRound":10},{"mTowerIDList":[1,4,5],"mTowerIDListLength":3,"mAllClear":false,"mCarrotState":0,"mLevelID":5,"mBigLevelID":3,"unLocked":false,"mIsRewardLevel":true,"mTotalRound":10}],"unLockedNormalModelLevelNum":[1,0,0],"milk":100,"cookies":100,"nest":1,"diamonds":10,"monsterPetDataList":[{"monsterLevel":1,"remainCookies":0,"remainMilk":0,"monsterID":1}]}